words,PERSON,NORP,FACILITY,ORGANIZATION,GPE,LOCATION,PRODUCT,EVENT,WORK_OF_ART,LAW,LANGUAGE,DATE,TIME,PERCENT,MONEY,MEASUREMENT,ORDINAL,CARDINAL,MISC,PUNC,O
نه,0,0,0,0,0,0,0,0,0,0,0,0,0,0,0,0,0,0,0,0,1
خامنه ای,1,0,0,0,0,0,0,0,0,0,0,0,0,0,0,0,0,0,0,0,0
و,0,0,0,0,0,0,0,0,0,0,0,0,0,0,0,0,0,0,0,0,1
هیچ,0,0,0,0,0,0,0,0,0,0,0,0,0,0,0,0,0,0,0,0,1
آخوند,1,0,0,0,0,0,0,0,0,0,0,0,0,0,0,0,0,0,0,0,0
دیگه ای,0,0,0,0,0,0,0,0,0,0,0,0,0,0,0,0,0,0,0,0,1
وجدان,0,0,0,0,0,0,0,0,0,0,0,0,0,0,0,0,0,0,1,0,1
ندارن,0,0,0,0,0,0,0,0,0,0,0,0,0,0,0,0,0,0,0,0,1
،,0,0,0,0,0,0,0,0,0,0,0,0,0,0,0,0,0,0,0,1,0
اونا,0,0,0,0,0,0,0,0,0,0,0,0,0,0,0,0,0,0,1,0,1
فقط,0,0,0,0,0,0,0,0,0,0,0,0,0,0,0,0,0,0,0,0,1
فکر,0,0,0,0,0,0,0,0,0,0,0,0,0,0,0,0,0,0,0,0,1
پر کردن جیب,0,0,0,0,0,0,0,0,0,0,0,0,0,0,0,0,0,0,1,0,1
خودشون,0,1,0,0,0,0,0,0,0,0,0,0,0,0,0,0,0,0,0,0,1
هسن,0,0,0,0,0,0,0,0,0,0,0,0,0,0,0,0,0,0,0,0,1
,0,0,0,0,0,0,0,0,0,0,0,0,0,0,0,0,0,0,0,0,0
الان,0,0,0,0,0,0,0,0,0,0,0,1,1,0,0,0,0,0,0,0,1
میاد میگه,0,0,0,0,0,0,0,0,0,0,0,0,0,0,0,0,0,0,0,0,1
مشکل,0,0,0,0,0,0,0,0,0,0,0,0,0,0,0,0,0,0,0,0,1
ریز گرد,0,0,0,0,0,0,0,0,0,0,0,0,0,0,0,0,0,0,1,0,0
رو,0,0,0,0,0,0,0,0,0,0,0,0,0,0,0,0,0,0,0,0,1
هم,0,0,0,0,0,0,0,0,0,0,0,0,0,0,0,0,0,0,0,0,1
ما,0,1,0,1,0,0,0,0,0,0,0,0,0,0,0,0,0,0,1,0,0
حل کردیم,0,0,0,0,0,0,0,0,0,0,0,0,0,0,0,0,0,0,0,0,1
پالایشگاه,0,0,1,0,0,0,0,0,0,0,0,0,0,0,0,0,0,0,0,0,0
کرمانشاه,0,0,0,0,1,0,0,0,0,0,0,0,0,0,0,0,0,0,0,0,0
را,0,0,0,0,0,0,0,0,0,0,0,0,0,0,0,0,0,0,0,0,1
که,0,0,0,0,0,0,0,0,0,0,0,0,0,0,0,0,0,0,0,0,1
سال ۹۰,0,0,0,0,0,0,0,0,0,0,0,1,0,0,0,0,0,0,0,0,0
به,0,0,0,0,0,0,0,0,0,0,0,0,0,0,0,0,0,0,0,0,1
قیمت,0,0,0,0,0,0,0,0,0,0,0,0,0,0,1,0,0,0,1,0,0
۱۸۰۰ میلیارد تومان,0,0,0,0,0,0,0,0,0,0,0,0,0,0,1,0,0,0,0,0,0
واگذار شده بود,0,0,0,0,0,0,0,0,0,0,0,0,0,0,0,0,0,0,0,0,1
پس گرفت,0,0,0,0,0,0,0,0,0,0,0,0,0,0,0,0,0,0,0,0,1
…,0,0,0,0,0,0,0,0,0,0,0,0,0,0,0,0,0,0,0,1,0
دوره خاتمی,0,0,0,0,0,0,0,0,0,0,0,1,0,0,0,0,0,0,0,0,0
از,0,0,0,0,0,0,0,0,0,0,0,0,0,0,0,0,0,0,0,0,1
مهر 82,0,0,0,0,0,0,0,0,0,0,0,1,0,0,0,0,0,0,0,0,0
تا,0,0,0,0,0,0,0,0,0,0,0,0,0,0,0,0,0,0,0,0,1
مرداد 84,0,0,0,0,0,0,0,0,0,0,0,1,0,0,0,0,0,0,0,0,0
حسن روحانی,1,0,0,0,0,0,0,0,0,0,0,0,0,0,0,0,0,0,0,0,0
دبیر شورای عالی امنیت ملی,1,0,0,1,0,0,0,0,0,0,0,0,0,0,0,0,0,0,0,0,0
عهده‌دار,0,0,0,0,0,0,0,0,0,0,0,0,0,0,0,0,0,0,0,0,1
پرون,0,0,0,0,0,0,0,0,0,0,0,0,0,0,0,0,0,0,0,0,1
ببینید,0,0,0,0,0,0,0,0,0,0,0,0,0,0,0,0,0,0,0,0,1
همین,0,0,0,0,0,0,0,0,0,0,0,0,0,0,0,0,0,0,0,0,1
نگاه کنید,0,0,0,0,0,0,0,0,0,0,0,0,0,0,0,0,0,0,0,0,1
میزان,0,0,0,0,0,0,0,0,0,0,0,0,0,0,0,1,0,0,0,0,0
مطالعه,0,0,0,0,0,0,0,0,0,0,0,0,0,0,0,0,0,0,0,0,1
ایرانیا,0,1,0,0,0,0,0,0,0,0,0,0,0,0,0,0,0,0,0,0,0
خیلی,0,0,0,0,0,0,0,0,0,0,0,0,0,0,0,1,0,0,1,0,1
بعد,0,0,0,0,0,0,0,0,0,0,0,0,1,0,0,0,1,0,0,0,1
آدمهای,1,1,0,0,0,0,0,0,0,0,0,0,0,0,0,0,0,0,0,0,0
مسل,0,0,0,0,0,0,0,0,0,0,0,0,0,0,0,0,0,0,0,0,1
احمدی نژاد,1,0,0,0,0,0,0,0,0,0,0,0,0,0,0,0,0,0,0,0,0
خاتمی,1,0,0,0,0,0,0,0,0,0,0,0,0,0,0,0,0,0,0,0,0
اگ,0,0,0,0,0,0,0,0,0,0,0,0,0,0,0,0,0,0,0,0,1
میدونی,0,0,0,0,0,0,0,0,0,0,0,0,0,0,0,0,0,0,0,0,1
کی,1,0,0,0,0,0,0,0,0,0,0,0,0,0,0,0,0,0,0,0,1
رای دادم,0,0,0,0,0,0,0,0,0,0,0,0,0,0,0,0,0,0,0,0,1
؟,0,0,0,0,0,0,0,0,0,0,0,0,0,0,0,0,0,0,0,1,0
مطمئنی,0,0,0,0,0,0,0,0,0,0,0,0,0,0,0,0,0,0,0,0,1
:,0,0,0,0,0,0,0,0,0,0,0,0,0,0,0,0,0,0,0,1,0
با,0,0,0,0,0,0,0,0,0,0,0,0,0,0,0,0,0,0,0,0,1
چاقوکش,1,1,0,0,0,0,0,0,0,0,0,0,0,0,0,0,0,0,1,0,0
مذاکره,0,0,0,0,0,0,0,0,0,0,0,0,0,0,0,0,0,0,1,0,1
نمی کنیم,0,0,0,0,0,0,0,0,0,0,0,0,0,0,0,0,0,0,0,0,1
!,0,0,0,0,0,0,0,0,0,0,0,0,0,0,0,0,0,0,0,1,0
مگه,0,0,0,0,0,0,0,0,0,0,0,0,0,0,0,0,0,0,0,0,1
آمریکای,0,0,0,0,1,0,0,0,0,0,0,0,0,0,0,0,0,0,0,0,0
زمان,0,0,0,0,0,0,0,0,0,0,0,1,0,0,0,0,0,0,0,0,0
اوباما,1,0,0,0,0,0,0,0,0,0,0,0,0,0,0,0,0,0,0,0,0
الهه محبت,1,0,0,0,0,0,0,0,0,0,0,0,0,0,0,0,0,0,1,0,1
مظهر لطافت,1,0,0,0,0,0,0,0,0,0,0,0,0,0,0,0,0,0,1,0,1
دریای وفا,1,0,0,0,0,0,0,0,0,0,0,0,0,0,0,0,0,0,1,0,1
کوه صفا,1,0,0,0,0,0,0,0,0,0,0,0,0,0,0,0,0,0,1,0,1
عند معرفت,1,0,0,0,0,0,0,0,0,0,0,0,0,0,0,0,0,0,1,0,1
آخر رفاق,1,0,0,0,0,0,0,0,0,0,0,0,0,0,0,0,0,0,1,0,1
(,0,0,0,0,0,0,0,0,0,0,0,0,0,0,0,0,0,0,0,1,0
هراه,0,0,0,0,0,0,0,0,0,0,0,0,0,0,0,0,0,0,0,0,1
دستگیریِ,0,0,0,0,0,0,0,0,0,0,0,0,0,0,0,0,0,0,0,0,1
جمعی,0,1,0,0,0,0,0,0,0,0,0,0,0,0,0,0,0,0,0,0,0
آخوندهای,0,1,0,0,0,0,0,0,0,0,0,0,0,0,0,0,0,0,1,0,0
منفور,0,0,0,0,0,0,0,0,0,0,0,0,0,0,0,0,0,0,1,0,1
نزد,0,0,0,0,0,0,0,0,0,0,0,0,0,0,0,0,0,0,0,0,1
مردم,0,1,0,0,0,0,0,0,0,0,0,0,0,0,0,0,0,0,0,0,0
),0,0,0,0,0,0,0,0,0,0,0,0,0,0,0,0,0,0,0,1,0
زده,0,0,0,0,0,0,0,0,0,0,0,0,0,0,0,0,0,0,0,0,1
تلاش می‌کند,0,0,0,0,0,0,0,0,0,0,0,0,0,0,0,0,0,0,0,0,1
انداختنِ,0,0,0,0,0,0,0,0,0,0,0,0,0,0,0,0,0,0,0,0,1
همه‌ی,0,0,0,0,0,0,0,0,0,0,0,0,0,0,0,0,0,0,0,0,1
تقصیرها,0,0,0,0,0,0,0,0,0,0,0,0,0,0,0,0,0,0,0,0,1
بر,0,0,0,0,0,0,0,0,0,0,0,0,0,0,0,0,0,0,0,0,1
گردن,0,0,0,0,0,0,0,0,0,0,0,0,0,0,0,0,0,0,1,0,1
روحانیت,0,1,0,0,0,0,0,0,0,0,0,0,0,0,0,0,0,0,0,0,0
خامنه_ای,1,0,0,0,0,0,0,0,0,0,0,0,0,0,0,0,0,0,0,0,0
کجاست,0,0,0,0,0,1,0,0,0,0,0,0,0,0,0,0,0,0,0,0,0
یک,0,0,0,0,0,0,0,0,0,0,0,0,0,0,0,0,0,1,0,0,0
هموطن,1,0,0,0,0,0,0,0,0,0,0,0,0,0,0,0,0,0,0,0,0
سيل زده,1,0,0,0,0,0,0,1,0,0,0,0,0,0,0,0,0,0,0,0,0
خوزستانی,0,1,0,0,1,0,0,0,0,0,0,0,0,0,0,0,0,0,0,0,0
می گوید,0,0,0,0,0,0,0,0,0,0,0,0,0,0,0,0,0,0,0,0,1
«,0,0,0,0,0,0,0,0,0,0,0,0,0,0,0,0,0,0,0,1,0
....,0,0,0,0,0,0,0,0,0,0,0,0,0,0,0,0,0,0,0,1,0
كجاست,0,0,0,0,0,1,0,0,0,0,0,0,0,0,0,0,0,0,0,0,0
كس,0,0,0,0,0,0,0,0,0,0,0,0,0,0,0,0,0,0,0,0,1
معارض,0,0,0,0,0,0,0,0,0,0,0,0,0,0,0,0,0,0,0,0,1
بودم,0,0,0,0,0,0,0,0,0,0,0,0,0,0,0,0,0,0,0,0,1
بزرگوار,1,0,0,0,0,0,0,0,0,0,0,0,0,0,0,0,0,0,0,0,1
.....,0,0,0,0,0,0,0,0,0,0,0,0,0,0,0,0,0,0,0,1,0
اومدیم,0,0,0,0,0,0,0,0,0,0,0,0,0,0,0,0,0,0,0,0,1
نمایشگاه کتاب,0,0,0,0,0,1,0,1,0,0,0,0,0,0,0,0,0,0,0,0,0
روحانی مچکریم,0,0,0,0,0,0,0,0,0,0,0,0,0,0,0,0,0,0,1,0,0
از دهن مردم نمیفته,0,0,0,0,0,0,0,0,0,0,0,0,0,0,0,0,0,0,1,0,0
یعنی,0,0,0,0,0,0,0,0,0,0,0,0,0,0,0,0,0,0,0,0,1
شنیدن,0,0,0,0,0,0,0,0,0,0,0,0,0,0,0,0,0,0,0,0,1
هر,0,0,0,0,0,0,0,0,0,0,0,0,0,0,0,0,0,0,0,0,1
کتاب,0,0,0,0,0,0,0,0,1,0,0,0,0,0,0,0,0,0,0,0,0
یه,0,0,0,0,0,0,0,0,0,0,0,0,0,0,0,0,0,1,0,0,0
روحانی مچکرم,0,0,0,0,0,0,0,0,0,0,0,0,0,0,0,0,0,0,1,0,0
میگن,0,0,0,0,0,0,0,0,0,0,0,0,0,0,0,0,0,0,0,0,1
خودِ,0,0,0,0,0,0,0,0,0,0,0,0,0,0,0,0,0,0,0,0,1
خدا,1,0,0,0,0,0,0,0,0,0,0,0,0,0,0,0,0,0,1,0,0
دشمنشو,0,0,0,0,0,0,0,0,0,0,0,0,0,0,0,0,0,0,0,0,1
فریب میده,0,0,0,0,0,0,0,0,0,0,0,0,0,0,0,0,0,0,0,0,1
اونوقت,0,0,0,0,0,0,0,0,0,0,0,0,1,0,0,0,0,0,0,0,0
آمریکاییا,0,1,0,0,0,0,0,0,0,0,0,0,0,0,0,0,0,0,0,0,0
میگه,0,0,0,0,0,0,0,0,0,0,0,0,0,0,0,0,0,0,0,0,1
چرا,0,0,0,0,0,0,0,0,0,0,0,0,0,0,0,0,0,0,0,0,1
فریب میدین,0,0,0,0,0,0,0,0,0,0,0,0,0,0,0,0,0,0,0,0,1
آخه,0,0,0,0,0,0,0,0,0,0,0,0,0,0,0,0,0,0,0,0,1
اینکه,0,0,0,0,0,0,0,0,0,0,0,0,0,0,0,0,0,0,0,0,1
دین,0,0,0,0,0,0,0,0,0,0,0,0,0,0,0,0,0,0,1,0,1
هدایت میکنه,0,0,0,0,0,0,0,0,0,0,0,0,0,0,0,0,0,0,0,0,1
معنیش,0,0,0,0,0,0,0,0,0,0,0,0,0,0,0,0,0,0,0,0,1
چیه,0,0,0,0,0,0,0,0,0,0,0,0,0,0,0,0,0,0,0,0,1
در حالی,0,0,0,0,0,0,0,0,0,0,0,0,0,0,0,0,0,0,0,0,1
حقیقت,0,0,0,0,0,0,0,0,0,0,0,0,0,0,0,0,0,0,1,0,1
محسوب میشه,0,0,0,0,0,0,0,0,0,0,0,0,0,0,0,0,0,0,0,0,1
باید,0,0,0,0,0,0,0,0,0,0,0,0,0,0,0,0,0,0,0,0,1
تابع,0,0,0,0,0,0,0,0,0,0,0,0,0,0,0,0,0,0,0,0,1
باشه,0,0,0,0,0,0,0,0,0,0,0,0,0,0,0,0,0,0,0,0,1
روش های,0,0,0,0,0,0,0,0,0,0,0,0,0,0,0,0,0,0,0,0,1
روی احمدی نژاد را سفید کرده,1,0,0,0,0,0,0,0,0,0,0,0,0,0,0,0,0,0,1,0,0
شکی,0,0,0,0,0,0,0,0,0,0,0,0,0,0,0,0,0,0,0,0,1
نیست,0,0,0,0,0,0,0,0,0,0,0,0,0,0,0,0,0,0,0,0,1
موضوع,0,0,0,0,0,0,0,0,0,0,0,0,0,0,0,0,0,0,0,0,1
عکسیست,0,0,0,0,0,0,0,0,1,0,0,0,0,0,0,0,0,0,0,0,0
فتوشاپ,0,0,0,0,0,0,1,0,0,0,0,0,0,0,0,0,0,0,1,0,0
است,0,0,0,0,0,0,0,0,0,0,0,0,0,0,0,0,0,0,0,0,1
.,0,0,0,0,0,0,0,0,0,0,0,0,0,0,0,0,0,0,0,1,0
آن,0,0,0,0,0,0,0,0,0,0,0,0,0,0,0,0,0,0,0,0,1
نواصب,0,1,0,0,0,0,0,0,0,0,0,0,0,0,0,0,0,0,0,0,0
إخوانیها,0,1,0,0,0,0,0,0,0,0,0,0,0,0,0,0,0,0,0,0,0
شیعه‌نما,0,1,0,0,0,0,0,0,0,0,0,0,0,0,0,0,0,0,0,0,0
شکم,0,0,0,0,0,0,0,0,0,0,0,0,0,0,0,0,0,0,1,0,1
شمس‌آبادی,1,0,0,0,0,0,0,0,0,0,0,0,0,0,0,0,0,0,0,0,0
شیعهٔ سنتی,0,0,0,0,0,0,0,0,0,0,0,0,0,0,0,0,0,0,1,0,1
دریدند,0,0,0,0,0,0,0,0,0,0,0,0,0,0,0,0,0,0,0,0,1
یا,0,0,0,0,0,0,0,0,0,0,0,0,0,0,0,0,0,0,0,0,1
سید محمد روحانی,1,0,0,0,0,0,0,0,0,0,0,0,0,0,0,0,0,0,0,0,0
بخاطر,0,0,0,0,0,0,0,0,0,0,0,0,0,0,0,0,0,0,0,0,1
مخال,0,0,0,0,0,0,0,0,0,0,0,0,0,0,0,0,0,0,0,0,1
اما,0,0,0,0,0,0,0,0,0,0,0,0,0,0,0,0,0,0,0,0,1
گره,0,0,0,0,0,0,0,0,0,0,0,0,0,0,0,0,0,0,0,0,1
اصلی,0,0,0,0,0,0,0,0,0,0,0,0,0,0,0,0,0,0,0,0,1
ماجرا,0,0,0,0,0,0,0,0,0,0,0,0,0,0,0,0,0,0,0,0,1
برای,0,0,0,0,0,0,0,0,0,0,0,0,0,0,0,0,0,0,0,0,1
من,1,0,0,0,0,0,0,0,0,0,0,0,0,0,0,0,0,0,0,0,0
این,0,0,0,0,0,0,0,1,0,0,0,0,0,0,0,0,0,0,0,0,1
نسل,0,1,0,0,0,0,0,0,0,0,0,0,0,0,0,0,0,0,0,0,0
جدید,0,0,0,0,0,0,0,0,0,0,0,1,0,0,0,0,1,0,0,0,0
روحانیون,0,1,0,0,0,0,0,0,0,0,0,0,0,0,0,0,0,0,0,0,0
بعدها,0,0,0,0,0,0,0,0,0,0,0,0,0,0,0,0,1,0,0,0,0
مراجع,1,0,0,0,0,0,0,0,0,0,0,0,0,0,0,0,0,0,1,0,0
"ارتقاء",0,0,0,0,0,0,0,0,0,0,0,0,0,0,0,0,0,0,0,0,1
یافتند,0,0,0,0,0,0,0,0,0,0,0,0,0,0,0,0,0,0,0,0,1
جنبش انقلابی,0,0,0,0,0,0,0,0,0,0,0,0,0,0,0,0,0,0,1,0,1
پی,0,0,0,0,0,0,0,0,0,0,0,0,0,0,0,0,0,0,0,0,1
ر,0,0,0,0,0,0,0,0,0,0,0,0,0,0,0,0,0,0,0,0,1
کاملا,0,0,0,0,0,0,0,0,0,0,0,0,0,0,0,0,0,0,0,0,1
حق,0,0,0,0,0,0,0,0,0,0,0,0,0,0,0,0,0,0,0,0,1
داشتم,0,0,0,0,0,0,0,0,0,0,0,0,0,0,0,0,0,0,0,0,1
رای بدم,0,0,0,0,0,0,0,0,0,0,0,0,0,0,0,0,0,0,0,0,1
براش,0,0,0,0,0,0,0,0,0,0,0,0,0,0,0,0,0,0,0,0,1
تبلیغ کنم,0,0,0,0,0,0,0,0,0,0,0,0,0,0,0,0,0,0,0,0,1
خشنودم,0,0,0,0,0,0,0,0,0,0,0,0,0,0,0,0,0,0,0,0,1
ینکار,0,0,0,0,0,0,0,0,0,0,0,0,0,0,0,0,0,0,0,0,1
..,0,0,0,0,0,0,0,0,0,0,0,0,0,0,0,0,0,0,0,1,0
اشتباه,0,0,0,0,0,0,0,0,0,0,0,0,0,0,0,0,0,0,0,0,1
تو,1,0,0,0,0,0,0,0,0,0,0,1,0,0,0,0,0,0,1,0,1
می‌کنی,0,0,0,0,0,0,0,0,0,0,0,0,0,0,0,0,0,0,0,0,1
تحمل,0,0,0,0,0,0,0,0,0,0,0,0,0,0,0,0,0,0,0,0,1
نظر,0,0,0,0,0,0,0,0,0,0,0,0,0,0,0,0,0,0,0,0,1
ظریف,1,0,0,0,0,0,0,0,0,0,0,0,0,0,0,0,0,0,0,0,0
رو بازی میکنن,0,0,0,0,0,0,0,0,0,0,0,0,0,0,0,0,0,0,1,0,1
به التماس کردن از آمریکا برای مذاکره افتادن,0,0,0,0,1,0,0,0,0,0,0,0,0,0,0,0,0,0,1,0,1
سیدعلی آقا,1,0,0,0,0,0,0,0,0,0,0,0,0,0,0,0,0,0,0,0,0
زیر بازی میکنه,0,0,0,0,0,0,0,0,0,0,0,0,0,0,0,0,0,0,1,0,1
پیام مید,0,0,0,0,0,0,0,0,0,0,0,0,0,0,0,0,0,0,0,0,1
کمک های,0,0,0,0,0,0,0,0,0,0,0,0,0,0,0,0,0,0,0,0,1
مردمی,1,1,0,0,0,0,0,0,0,0,0,0,0,0,0,0,0,0,0,0,1
سیل زدگان,0,1,0,0,0,0,0,0,0,0,0,0,0,0,0,0,0,0,0,0,0
رؤسای,1,1,0,0,0,0,0,0,0,0,0,0,0,0,0,0,0,0,0,0,0
مؤخر,0,0,0,0,0,0,0,0,0,0,0,1,0,0,0,0,1,0,0,0,0
جمهور,0,0,0,0,0,0,0,0,0,0,0,0,0,0,0,0,0,0,1,0,1
ایران,0,0,0,0,1,0,0,0,0,0,0,0,0,0,0,0,0,0,0,0,0
رفسنجانی,1,0,0,0,0,0,0,0,0,0,0,0,0,0,0,0,0,0,0,0,0
احمدی‌نژاد,1,0,0,0,0,0,0,0,0,0,0,0,0,0,0,0,0,0,0,0,0
آنکه,1,0,0,0,0,0,0,0,0,0,0,0,0,0,0,0,0,0,0,0,0
در,0,0,0,0,0,0,0,0,0,0,0,0,0,0,0,0,0,0,0,0,1
تمام,0,0,0,0,0,0,0,0,0,0,0,0,0,0,0,1,0,0,0,0,0
دوره,0,0,0,0,0,0,0,0,0,0,0,1,0,0,0,0,0,0,0,0,0
فعالیتش,0,0,0,0,0,0,0,0,0,0,0,0,0,0,0,0,0,0,0,0,1
دخالتی,0,0,0,0,0,0,0,0,0,0,0,0,0,0,0,0,0,0,0,0,1
امور شخصی,0,0,0,0,0,0,0,0,0,0,0,0,0,0,0,0,0,0,1,0,1
اونایی,1,1,0,0,0,0,0,0,0,0,0,0,0,0,0,0,0,0,0,0,0
هنوز,0,0,0,0,0,0,0,0,0,0,0,1,0,0,0,0,0,0,0,0,1
گندکاریای,0,0,0,0,0,0,0,0,0,0,0,0,0,0,0,0,0,0,1,0,1
افتخار,0,0,0,0,0,0,0,0,0,0,0,0,0,0,0,0,0,0,0,0,1
ماله میکشن,0,0,0,0,0,0,0,0,0,0,0,0,0,0,0,0,0,0,1,0,0
احترام بذارین,0,0,0,0,0,0,0,0,0,0,0,0,0,0,0,0,0,0,0,0,1
واسه,0,0,0,0,0,0,0,0,0,0,0,0,0,0,0,0,0,0,0,0,1
حلال کردن پولشون,0,0,0,0,0,0,0,0,0,0,0,0,0,0,1,0,0,0,1,0,0
زحمت میکشن,0,0,0,0,0,0,0,0,0,0,0,0,0,0,0,0,0,0,0,0,1
شما,1,1,0,0,0,0,0,0,0,0,0,0,0,0,0,0,0,0,1,0,0
نگران,0,0,0,0,0,0,0,0,0,0,0,0,0,0,0,0,0,0,0,0,1
بچه ها,0,1,0,0,0,0,0,0,0,0,0,0,0,0,0,0,0,0,0,0,1
نباش,0,0,0,0,0,0,0,0,0,0,0,0,0,0,0,0,0,0,0,0,1
بدبختی های,0,0,0,0,0,0,0,0,0,0,0,0,0,0,0,0,0,0,0,0,1
ملت,0,1,0,0,0,0,0,0,0,0,0,0,0,0,0,0,0,0,0,0,0
از گور شما ملاها بلند میشه,0,0,0,0,0,0,0,0,0,0,0,0,0,0,0,0,0,0,1,0,0
ضمنا,0,0,0,0,0,0,0,0,0,0,0,0,0,0,0,0,0,0,0,0,1
نقش,0,0,0,0,0,0,0,0,0,0,0,0,0,0,0,0,0,0,0,0,1
ن,0,0,0,0,0,0,0,0,0,0,0,0,0,0,0,0,0,0,0,0,1
اون,1,0,0,0,0,0,0,0,0,0,0,0,0,0,0,0,0,0,1,0,0
اگه,0,0,0,0,0,0,0,0,0,0,0,0,0,0,0,0,0,0,0,0,1
سلامت,0,0,0,0,0,0,0,0,0,0,0,0,0,0,0,0,0,0,0,0,1
عقل,0,0,0,0,0,0,0,0,0,0,0,0,0,0,0,0,0,0,0,0,1
داشت,0,0,0,0,0,0,0,0,0,0,0,0,0,0,0,0,0,0,0,0,1
وضع,0,0,0,0,0,0,0,0,0,0,0,0,0,0,0,0,0,0,0,0,1
مملکت,0,0,0,1,0,0,0,0,0,0,0,0,0,0,0,0,0,0,0,0,0
نبود,0,0,0,0,0,0,0,0,0,0,0,0,0,0,0,0,0,0,0,0,1
ادم,1,0,0,0,0,0,0,0,0,0,0,0,0,0,0,0,0,0,0,0,0
فریب کار,0,0,0,0,0,0,0,0,0,0,0,0,0,0,0,0,0,0,1,0,1
حرفه ایی,0,0,0,0,0,0,0,0,0,0,0,0,0,0,0,0,0,0,0,0,1
لباس,0,0,0,0,0,0,1,0,0,0,0,0,0,0,0,0,0,0,0,0,0
مزاح میفرمایید,0,0,0,0,0,0,0,0,0,0,0,0,0,0,0,0,0,0,1,0,0
لابد,0,0,0,0,0,0,0,0,0,0,0,0,0,0,0,0,0,0,0,0,1
بی‌عقل,0,0,0,0,0,0,0,0,0,0,0,0,0,0,0,0,0,0,0,0,1
خواندن,0,0,0,0,0,0,0,0,0,0,0,0,0,0,0,0,0,0,0,0,1
بیست و چند میلیون,0,0,0,0,0,0,0,0,0,0,0,0,0,0,0,0,0,1,0,0,0
ایرانی,0,1,0,0,0,0,0,0,0,0,0,0,0,0,0,0,0,0,0,0,0
رای دادن,0,0,0,0,0,0,0,0,0,0,0,0,0,0,0,0,0,0,0,0,1
مقایسه,0,0,0,0,0,0,0,0,0,0,0,0,0,0,0,0,0,0,0,0,1
داستان,0,0,0,0,0,0,0,0,1,0,0,0,0,0,0,0,0,0,0,0,0
یو,0,0,0,0,0,0,0,0,0,0,0,0,0,0,0,0,0,0,0,0,1
بابا,1,0,0,0,0,0,0,0,0,0,0,0,0,0,0,0,0,0,1,0,0
پس اندازم,0,0,0,0,0,0,0,0,0,0,0,0,0,0,1,0,0,0,0,0,1
برام,0,0,0,0,0,0,0,0,0,0,0,0,0,0,0,0,0,0,0,0,1
دوربین,0,0,0,0,0,0,1,0,0,0,0,0,0,0,0,0,0,0,0,0,0
بخر,0,0,0,0,0,0,0,0,0,0,0,0,0,0,0,0,0,0,0,0,1
میگم,0,0,0,0,0,0,0,0,0,0,0,0,0,0,0,0,0,0,0,0,1
گرون,0,0,0,0,0,0,0,0,0,0,0,0,0,0,1,0,0,0,1,0,0
شده,0,0,0,0,0,0,0,0,0,0,0,0,0,0,0,0,0,0,0,0,1
نمیتونم,0,0,0,0,0,0,0,0,0,0,0,0,0,0,0,0,0,0,0,0,1
بخرم,0,0,0,0,0,0,0,0,0,0,0,0,0,0,0,0,0,0,0,0,1
لعنت کنه,0,0,0,0,0,0,0,0,0,0,0,0,0,0,0,0,0,0,0,0,1
ارزش,0,0,0,0,0,0,0,0,0,0,0,0,0,0,0,1,0,0,0,0,0
پول,0,0,0,0,0,0,0,0,0,0,0,0,0,0,1,0,0,0,0,0,0
همه سر و ته یک کرباسند,0,0,0,0,0,0,0,0,0,0,0,0,0,0,0,0,0,0,1,0,0
زمان رفسنجانی,1,0,0,0,0,0,0,0,0,0,0,1,0,0,0,0,0,0,0,0,0
شروع شد,0,0,0,0,0,0,0,0,0,0,0,0,0,0,0,0,0,0,0,0,1
مجمع روحانیون مبارز,0,1,0,1,0,0,0,0,0,0,0,0,0,0,0,0,0,0,0,0,0
-,0,0,0,0,0,0,0,0,0,0,0,0,0,0,0,0,0,0,0,1,0
جامعه روحانیت مبارز,0,1,0,1,0,0,0,0,0,0,0,0,0,0,0,0,0,0,0,0,0
علف به دهن بز,0,0,0,0,0,0,0,0,0,0,0,0,0,0,0,0,0,0,1,0,1
مسئولین چند پُسته,0,1,0,0,0,0,0,0,0,0,0,0,0,0,0,0,0,0,0,0,0
استعفا دهید,0,0,0,0,0,0,0,0,0,0,0,0,0,0,0,0,0,0,0,0,1
مسئولین,0,1,0,0,0,0,0,0,0,0,0,0,0,0,0,0,0,0,0,0,0
چ,0,0,0,0,0,0,0,0,0,0,0,0,0,0,0,0,0,0,0,0,1
"""""",0,0,0,0,0,0,0,0,0,0,0,0,0,0,0,0,0,0,0,1,0
آدم,1,0,0,0,0,0,0,0,0,0,0,0,0,0,0,0,0,0,0,0,0
محترم,0,0,0,0,0,0,0,0,0,0,0,0,0,0,0,0,0,0,1,0,1
مودب,0,0,0,0,0,0,0,0,0,0,0,0,0,0,0,0,0,0,1,0,1
لات,1,1,0,0,0,0,0,0,0,0,0,0,0,0,0,0,0,0,1,0,0
به‌,0,0,0,0,0,0,0,0,0,0,0,0,0,0,0,0,0,0,0,0,1
معنی,0,0,0,0,0,0,0,0,0,0,0,0,0,0,0,0,0,0,0,0,1
تسلیم,0,0,0,0,0,0,0,0,0,0,0,0,0,0,0,0,0,0,1,0,1
ذلت,0,0,0,0,0,0,0,0,0,0,0,0,0,0,0,0,0,0,1,0,1
»,0,0,0,0,0,0,0,0,0,0,0,0,0,0,0,0,0,0,0,1,0
مردم ایران,0,1,0,0,0,0,0,0,0,0,0,0,0,0,0,0,0,0,0,0,0
به خاطر,0,0,0,0,0,0,0,0,0,0,0,0,0,0,0,0,0,0,0,0,1
د,0,0,0,0,0,0,0,0,0,0,0,0,0,0,0,0,0,0,0,0,1
مشاوره حقوقی,0,1,0,0,0,0,0,0,0,0,0,0,0,0,0,0,0,0,0,0,0
می‌خواستم,0,0,0,0,0,0,0,0,0,0,0,0,0,0,0,0,0,0,0,0,1
حقوق‌دانا,1,1,0,0,0,0,0,0,0,0,0,0,0,0,0,0,0,0,0,0,0
کجای,0,0,0,0,0,1,0,0,0,0,0,0,0,0,0,0,0,0,0,0,1
توییترن,0,0,0,0,0,0,1,0,0,0,0,0,0,0,0,0,0,0,0,0,0
می‌شینن,0,0,0,0,0,0,0,0,0,0,0,0,0,0,0,0,0,0,0,0,1
منشن نکنین,0,0,0,0,0,0,0,0,0,0,0,0,0,0,0,0,0,0,0,0,1
پند,0,0,0,0,0,0,0,0,0,0,0,0,0,0,0,0,0,0,0,0,1
نصایح,0,0,0,0,0,0,0,0,0,0,0,0,0,0,0,0,0,0,0,0,1
مسائل,0,0,0,0,0,0,0,0,0,0,0,0,0,0,0,0,0,0,0,0,1
مربوط,0,0,0,0,0,0,0,0,0,0,0,0,0,0,0,0,0,0,0,0,1
عرفان,0,0,0,0,0,0,0,0,0,0,0,0,0,0,0,0,0,0,1,0,1
مسئولینشان,1,1,0,0,0,0,0,0,0,0,0,0,0,0,0,0,0,0,0,0,0
نمایندگان,1,1,0,0,0,0,0,0,0,0,0,0,0,0,0,0,0,0,0,0,0
خداوند,1,0,0,0,0,0,0,0,0,0,0,0,0,0,0,0,0,0,1,0,0
هستش,0,0,0,0,0,0,0,0,0,0,0,0,0,0,0,0,0,0,0,0,1
اگر,0,0,0,0,0,0,0,0,0,0,0,0,0,0,0,0,0,0,0,0,1
آقای روحانی,1,0,0,0,0,0,0,0,0,0,0,0,0,0,0,0,0,0,0,0,0
مریم خانمتون,1,0,0,0,0,0,0,0,0,0,0,0,0,0,0,0,0,0,0,0,0
آمریکا,0,0,0,0,1,0,0,0,0,0,0,0,0,0,0,0,0,0,0,0,0
مشکلی,0,0,0,0,0,0,0,0,0,0,0,0,0,0,0,0,0,0,0,0,1
امام خمینی,1,0,0,0,0,0,0,0,0,0,0,0,0,0,0,0,0,0,0,0,0
نعیمه اشراقی,1,0,0,0,0,0,0,0,0,0,0,0,0,0,0,0,0,0,0,0,0
نوه تون,1,0,0,0,0,0,0,0,0,0,0,0,0,0,0,0,0,0,1,0,0
فکرکنم,0,0,0,0,0,0,0,0,0,0,0,0,0,0,0,0,0,0,0,0,1
ماه,0,0,0,0,0,0,0,0,0,0,0,1,0,0,0,0,0,0,0,0,0
چندهزار دلار,0,0,0,0,0,0,0,0,0,0,0,0,0,0,1,0,0,0,0,0,0
کم آوردن,0,0,0,0,0,0,0,0,0,0,0,0,0,0,0,0,0,0,0,0,1
حوزه علمیه,0,0,0,1,0,0,0,0,0,0,0,0,0,0,0,0,0,0,0,0,0
گفته,0,0,0,0,0,0,0,0,0,0,0,0,0,0,0,0,0,0,0,0,1
نود درصد,0,0,0,0,0,0,0,0,0,0,0,0,0,1,0,0,0,0,0,0,0
بیکار,0,1,0,0,0,0,0,0,0,0,0,0,0,0,0,0,0,0,1,0,0
هستن,0,0,0,0,0,0,0,0,0,0,0,0,0,0,0,0,0,0,0,0,1
...,0,0,0,0,0,0,0,0,0,0,0,0,0,0,0,0,0,0,0,1,0
حالا,0,0,0,0,0,0,0,0,0,0,0,1,1,0,0,0,0,0,0,0,0
ده درصد,0,0,0,0,0,0,0,0,0,0,0,0,0,1,0,0,0,0,0,0,0
نیروهاشون,0,1,0,0,0,0,0,0,0,0,0,0,0,0,0,0,0,0,0,0,0
به این حال و روز انداختن,0,0,0,0,0,0,0,0,0,0,0,0,0,0,0,0,0,0,1,0,0
دیوثا,0,0,0,0,0,0,0,0,0,0,0,0,0,0,0,0,0,0,1,0,1
نسخه,0,0,0,0,0,0,0,0,0,0,0,0,0,0,0,0,0,0,0,0,1
پی دی اف,0,0,0,0,0,0,0,0,0,0,0,0,0,0,0,0,0,0,0,0,1
مصاحبه,0,0,0,0,0,0,0,0,1,0,0,0,0,0,0,0,0,0,0,0,1
درباره,0,0,0,0,0,0,0,0,0,0,0,0,0,0,0,0,0,0,0,0,1
عقلانیت,0,0,0,0,0,0,0,0,0,0,0,0,0,0,0,0,0,0,0,0,1
انحطاط,0,0,0,0,0,0,0,0,0,0,0,0,0,0,0,0,0,0,0,0,1
دینی,0,0,0,0,0,0,0,0,0,0,0,0,0,0,0,0,0,0,1,0,1
روحانیت شیعه,0,1,0,0,0,0,0,0,0,0,0,0,0,0,0,0,0,0,0,0,0
حوصله,0,0,0,0,0,0,0,0,0,0,0,0,0,0,0,0,0,0,0,0,1
ندارم,0,0,0,0,0,0,0,0,0,0,0,0,0,0,0,0,0,0,0,0,1
فیلم,0,0,0,0,0,0,0,0,1,0,0,0,0,0,0,0,0,0,0,0,0
شعار,0,0,0,0,0,0,0,0,0,0,0,0,0,0,0,0,0,0,1,0,0
انتخاباتی,0,0,0,0,0,0,0,1,0,0,0,0,0,0,0,0,0,0,1,0,1
در مورد,0,0,0,0,0,0,0,0,0,0,0,0,0,0,0,0,0,0,0,0,1
دانشجویان ستاره دار,1,1,0,0,0,0,0,0,0,0,0,0,0,0,0,0,0,0,1,0,0
پیدا کنم,0,0,0,0,0,0,0,0,0,0,0,0,0,0,0,0,0,0,0,0,1
نه تنها,0,0,0,0,0,0,0,0,0,0,0,0,0,0,0,0,0,0,0,0,1
ستاره‌ها,0,0,0,0,0,0,0,0,0,0,0,0,0,0,0,0,0,0,1,0,0
حذف نشد,0,0,0,0,0,0,0,0,0,0,0,0,0,0,0,0,0,0,0,0,1
راه,0,0,0,0,0,0,0,0,0,0,0,0,0,0,0,0,0,0,0,0,1
بیشتر,0,0,0,0,0,0,0,0,0,0,0,0,0,0,0,1,1,0,0,0,0
سال ٥٨,0,0,0,0,0,0,0,0,0,0,0,1,0,0,0,0,0,0,0,0,0
امام خميني,1,0,0,0,0,0,0,0,0,0,0,0,0,0,0,0,0,0,0,0,0
مداخله,0,0,0,0,0,0,0,0,0,0,0,0,0,0,0,0,0,0,0,0,1
امور,0,0,0,0,0,0,0,0,0,0,0,0,0,0,0,0,0,0,0,0,1
حكومت,0,0,0,1,0,0,0,0,0,0,0,0,0,0,0,0,0,0,0,0,0
محدود,0,0,0,0,0,0,0,0,0,0,0,0,0,0,0,0,0,0,0,0,1
قوه قضائيه,0,0,0,1,0,0,0,0,0,0,0,0,0,0,0,0,0,0,0,0,0
ميدانستند,0,0,0,0,0,0,0,0,0,0,0,0,0,0,0,0,0,0,0,0,1
روحانيت,0,1,0,0,0,0,0,0,0,0,0,0,0,0,0,0,0,0,0,0,0
ساير,0,0,0,0,0,0,0,0,0,0,0,0,0,0,0,0,0,0,0,0,1
مخا,0,0,0,0,0,0,0,0,0,0,0,0,0,0,0,0,0,0,0,0,1
مذاکرات,0,0,0,0,0,0,0,0,0,0,0,0,0,0,0,0,0,0,1,0,0
نتیجه,0,0,0,0,0,0,0,0,0,0,0,0,0,0,0,0,0,0,0,0,1
معکوس,0,0,0,0,0,0,0,0,0,0,0,0,0,0,0,0,0,0,0,0,1
داده است,0,0,0,0,0,0,0,0,0,0,0,0,0,0,0,0,0,0,0,0,1
بهرحال,0,0,0,0,0,0,0,0,0,0,0,0,0,0,0,0,0,0,0,0,1
نمی شود,0,0,0,0,0,0,0,0,0,0,0,0,0,0,0,0,0,0,0,0,1
تقصیر,0,0,0,0,0,0,0,0,0,0,0,0,0,0,0,0,0,0,0,0,1
باشد,0,0,0,0,0,0,0,0,0,0,0,0,0,0,0,0,0,0,0,0,1
بقیه,1,1,0,0,0,0,0,0,0,0,0,0,0,0,0,0,0,0,0,0,1
بی گناه,0,0,0,0,0,0,0,0,0,0,0,0,0,0,0,0,0,0,1,0,1
برجام,0,0,0,0,0,0,0,0,0,1,0,0,0,0,0,0,0,0,0,0,0
خوب,0,0,0,0,0,0,0,0,0,0,0,0,0,0,0,0,0,0,1,0,1
پیش رفته بود,0,0,0,0,0,0,0,0,0,0,0,0,0,0,0,0,0,0,0,0,1
پای,0,0,0,0,0,0,0,0,0,0,0,0,0,0,0,0,0,0,0,0,1
رهن,0,0,0,0,0,0,0,0,0,0,0,0,0,0,0,0,0,0,0,0,1
صحبتهاش,0,0,0,0,0,0,0,0,0,0,0,0,0,0,0,0,0,0,0,0,1
تعریف میکنه,0,0,0,0,0,0,0,0,0,0,0,0,0,0,0,0,0,0,0,0,1
انتقاد,0,0,0,0,0,0,0,0,0,0,0,0,0,0,0,0,0,0,0,0,1
چون,0,0,0,0,0,0,0,0,0,0,0,0,0,0,0,0,0,0,0,0,1
اولی,1,0,0,0,0,0,0,0,0,0,0,0,0,0,0,0,1,0,0,0,0
تو بازی آوردش,0,0,0,0,0,0,0,0,0,0,0,0,0,0,0,0,0,0,1,0,1
دومی,1,0,0,0,0,0,0,0,0,0,0,0,0,0,0,0,1,0,0,0,0
بجای,0,0,0,0,0,0,0,0,0,0,0,0,0,0,0,0,0,0,0,0,1
کری خوندن,0,0,0,0,0,0,0,0,0,0,0,0,0,0,0,0,0,0,1,0,1
ترامپ,1,0,0,0,0,0,0,0,0,0,0,0,0,0,0,0,0,0,0,0,0
بگوید,0,0,0,0,0,0,0,0,0,0,0,0,0,0,0,0,0,0,0,0,1
بیشترین,0,0,0,0,0,0,0,0,0,0,0,0,0,0,0,1,1,0,0,0,0
درآمد,0,0,0,0,0,0,0,0,0,0,0,0,0,0,1,0,0,0,0,0,0
تاریخ,0,0,0,0,0,0,0,0,0,0,0,1,0,0,0,0,0,0,0,0,0
نفتی,0,0,0,0,0,0,1,0,0,0,0,0,0,0,0,0,0,0,0,0,0
چه,0,0,0,0,0,0,0,0,0,0,0,0,0,0,0,0,0,0,0,0,1
کرد,0,0,0,0,0,0,0,0,0,0,0,0,0,0,0,0,0,0,0,0,1
یادداشت,0,0,0,0,0,0,0,0,1,0,0,0,0,0,0,0,0,0,0,0,0
رابین رایت,1,0,0,0,0,0,0,0,0,0,0,0,0,0,0,0,0,0,0,0,0
مجله,0,0,0,0,0,0,1,0,1,0,0,0,0,0,0,0,0,0,0,0,0
نیویورکر,0,0,0,1,0,0,0,0,0,0,0,0,0,0,0,0,0,0,0,0,1
سیاست,0,0,0,0,0,0,0,0,0,0,0,0,0,0,0,0,0,0,0,0,1
عجیب,0,0,0,0,0,0,0,0,0,0,0,0,0,0,0,0,0,0,1,0,1
علیه,0,0,0,0,0,0,0,0,0,0,0,0,0,0,0,0,0,0,0,0,1
درخواست,0,0,0,0,0,0,0,0,0,0,0,0,0,0,0,0,0,0,0,0,1
ملاقات,0,0,0,0,0,0,0,0,0,0,0,0,0,0,0,0,0,0,0,0,1
خروج,0,0,0,0,0,0,0,0,0,0,0,0,0,0,0,0,0,0,0,0,1
برجا,0,0,0,0,0,0,0,0,0,1,0,0,0,0,0,0,0,0,0,0,1
ای بر پدر و,0,0,0,0,0,0,0,0,0,0,0,0,0,0,0,0,0,0,1,0,1
مخصوصا,0,0,0,0,0,0,0,0,0,0,0,0,0,0,0,0,0,0,0,0,1
مادر روحانی لعنت خدا,1,0,0,0,0,0,0,0,0,0,0,0,0,0,0,0,0,0,1,0,1
سطح,0,0,0,0,0,0,0,0,0,0,0,0,0,0,0,0,0,0,0,0,1
فهم,0,0,0,0,0,0,0,0,0,0,0,0,0,0,0,0,0,0,0,0,1
شعور,0,0,0,0,0,0,0,0,0,0,0,0,0,0,0,0,0,0,0,0,1
بوده,0,0,0,0,0,0,0,0,0,0,0,0,0,0,0,0,0,0,0,0,1
رای دادید,0,0,0,0,0,0,0,0,0,0,0,0,0,0,0,0,0,0,0,0,1
وضعی,0,0,0,0,0,0,0,0,0,0,0,0,0,0,0,0,0,0,0,0,1
داریم,0,0,0,0,0,0,0,0,0,0,0,0,0,0,0,0,0,0,0,0,1
زمان جنگ,0,0,0,0,0,0,0,0,0,0,0,1,0,0,0,0,0,0,1,0,0
بدتره,0,0,0,0,0,0,0,0,0,0,0,0,0,0,0,0,0,0,1,0,1
بغل دست,0,0,0,0,0,1,0,0,0,0,0,0,0,0,0,0,0,0,0,0,1
کیه,0,0,0,0,0,0,0,0,0,0,0,0,0,0,0,0,0,0,0,0,1
مردک,1,0,0,0,0,0,0,0,0,0,0,0,0,0,0,0,0,0,0,0,0
چقدر,0,0,0,0,0,0,0,0,0,0,0,0,0,0,0,1,0,0,0,0,1
دروغ,0,0,0,0,0,0,0,0,0,0,0,0,0,0,0,0,0,0,1,0,1
بعنوان,0,0,0,0,0,0,0,0,0,0,0,0,0,0,0,0,0,0,0,0,1
نماد,0,0,0,0,0,0,0,0,0,0,0,0,0,0,0,0,0,0,0,0,1
سمبل,0,0,0,0,0,0,0,0,0,0,0,0,0,0,0,0,0,0,0,0,1
دروغگویی,0,0,0,0,0,0,0,0,0,0,0,0,0,0,0,0,0,0,1,0,1
دنیا,0,0,0,0,1,1,0,0,0,0,0,0,0,0,0,0,0,0,0,0,0
بشناسند,0,0,0,0,0,0,0,0,0,0,0,0,0,0,0,0,0,0,0,0,1
یکبار,0,0,0,0,0,0,0,0,0,0,0,0,0,0,0,1,0,1,0,0,0
مینوشتی,0,0,0,0,0,0,0,0,0,0,0,0,0,0,0,0,0,0,0,0,1
روحانیت مفت خور,0,1,0,0,0,0,0,0,0,0,0,0,0,0,0,0,0,0,1,0,0
جز,0,0,0,0,0,0,0,0,0,0,0,0,0,0,0,0,0,0,0,0,1
مفت خوری,0,0,0,0,0,0,0,0,0,0,0,0,0,0,0,0,0,0,1,0,1
چیزی,0,0,0,0,0,0,0,0,0,0,0,0,0,0,0,0,0,0,0,0,1
بلد نیستین,0,0,0,0,0,0,0,0,0,0,0,0,0,0,0,0,0,0,0,0,1
دست از سر ملت ایران بکشید,0,0,0,0,0,0,0,0,0,0,0,0,0,0,0,0,0,0,1,0,0
عراق,0,0,0,0,1,0,0,0,0,0,0,0,0,0,0,0,0,0,0,0,0
برگردید,0,0,0,0,0,0,0,0,0,0,0,0,0,0,0,0,0,0,0,0,1
علی خامنه‌ ای,1,0,0,0,0,0,0,0,0,0,0,0,0,0,0,0,0,0,0,0,0
جوجه‌های,0,0,0,0,0,0,0,0,0,0,0,0,0,0,0,0,0,0,0,0,1
شعارهایتان,0,0,0,0,0,0,0,0,0,0,0,0,0,0,0,0,0,0,0,0,1
انتخاباتی‌تان,0,0,0,0,0,0,0,0,0,0,0,0,0,0,0,0,0,0,1,0,0
در آخر پائیز شمردیم,0,0,0,0,0,0,0,0,0,0,0,0,0,0,0,0,0,0,1,0,0
؛,0,0,0,0,0,0,0,0,0,0,0,0,0,0,0,0,0,0,0,1,0
ظرف,0,0,0,0,0,0,0,0,0,0,0,0,0,0,0,0,0,0,0,0,1
کمتر,0,0,0,0,0,0,0,0,0,0,0,0,0,0,0,1,1,0,0,0,0
۲ ماه,0,0,0,0,0,0,0,0,0,0,0,1,0,0,0,0,0,0,0,0,0
مادر جوجه‌ها,0,0,0,0,0,0,1,0,0,0,0,0,0,0,0,0,0,0,1,0,0
۲۵ درصد,0,0,0,0,0,0,0,0,0,0,0,0,0,1,0,0,0,0,0,0,0
افزایش قیمت,0,0,0,0,0,0,0,0,0,0,0,0,0,0,1,0,1,0,0,0,0
حاج آقا,1,1,0,0,0,0,0,0,0,0,0,0,0,0,0,0,0,0,0,0,0
کم کاری,0,0,0,0,0,0,0,0,0,0,0,0,0,0,0,0,0,0,1,0,1
ضعف,0,0,0,0,0,0,0,0,0,0,0,0,0,0,0,0,0,0,1,0,1
تربیت,0,0,0,0,0,0,0,0,0,0,0,0,0,0,0,0,0,0,0,0,1
جامعه اسلامی,0,0,0,0,0,0,0,0,0,0,0,0,0,0,0,0,0,0,1,0,0
مذهبی,0,0,0,0,0,0,0,0,0,0,0,0,0,0,0,0,0,0,1,0,0
اشاره کردم,0,0,0,0,0,0,0,0,0,0,0,0,0,0,0,0,0,0,0,0,1
یه بار,0,0,0,0,0,0,0,0,0,0,0,0,0,0,0,1,0,1,0,0,0
تعریفی,0,0,0,0,0,0,0,0,0,0,0,0,0,0,0,0,0,0,0,0,1
انتخابات,0,0,0,0,0,0,0,1,0,0,0,0,0,0,0,0,0,0,0,0,0
دادید,0,0,0,0,0,0,0,0,0,0,0,0,0,0,0,0,0,0,0,0,1
که برای هشت سالمون بسه,0,0,0,0,0,0,0,0,0,0,0,0,0,0,0,0,0,0,1,0,0
تعریف,0,0,0,0,0,0,0,0,0,0,0,0,0,0,0,0,0,0,0,0,1
دختران,1,1,0,0,0,0,0,0,0,0,0,0,0,0,0,0,0,0,1,0,0
خیابان,0,0,0,0,0,1,0,0,0,0,0,0,0,0,0,0,0,0,0,0,1
برع,0,0,0,0,0,0,0,0,0,0,0,0,0,0,0,0,0,0,0,0,1
"""",0,0,0,0,0,0,0,0,0,0,0,0,0,0,0,0,0,0,0,1,0
فیلمی,0,0,0,0,0,0,0,0,1,0,0,0,0,0,0,0,0,0,0,0,0
آموزشی,0,0,0,0,0,0,0,0,0,0,0,0,0,0,0,0,0,0,0,0,1
دوقلوهای,1,0,0,0,0,0,0,0,0,0,0,0,0,0,0,0,0,0,0,0,0
طاها,1,0,0,0,0,0,0,0,0,0,0,0,0,0,0,0,0,0,0,0,0
طهورا,1,0,0,0,0,0,0,0,0,0,0,0,0,0,0,0,0,0,0,0,0
خطاب,0,0,0,0,0,0,0,0,0,0,0,0,0,0,0,0,0,0,0,0,1
دستگاه دیپلماسیِ لبخندِ,0,0,0,1,0,0,0,0,0,0,0,0,0,0,0,0,0,0,1,0,0
دولتِ آقای روحانی,1,0,0,1,0,0,0,0,0,0,0,0,0,0,0,0,0,0,0,0,0
مخصوصِ,0,0,0,0,0,0,0,0,0,0,0,0,0,0,0,0,0,0,0,0,1
آقا محمدجواد ظر,1,0,0,0,0,0,0,0,0,0,0,0,0,0,0,0,0,0,0,0,0
ای کاش,0,0,0,0,0,0,0,0,0,0,0,0,0,0,0,0,0,0,0,0,1
مثل,0,0,0,0,0,0,0,0,0,0,0,0,0,0,0,0,0,0,0,0,1
تلگرام طلایی,0,0,0,0,0,0,1,0,0,0,0,0,0,0,0,0,0,0,0,0,0
از خواب پا شدیم,0,0,0,0,0,0,0,0,0,0,0,0,0,0,0,0,0,0,0,0,1
حذف شده,0,0,0,0,0,0,0,0,0,0,0,0,0,0,0,0,0,0,0,0,1
یهویی,0,0,0,0,0,0,0,0,0,0,0,0,1,0,0,0,0,0,0,0,1
از خواب پا میشدیم,0,0,0,0,0,0,0,0,0,0,0,0,0,0,0,0,0,0,0,0,1
میدیدیم,0,0,0,0,0,0,0,0,0,0,0,0,0,0,0,0,0,0,0,0,1
الرحمن روحانی رو دارند میخونن,1,0,0,0,0,0,0,0,0,0,0,0,0,0,0,0,0,0,1,0,0
نیازی,0,0,0,0,0,0,0,0,0,0,0,0,0,0,0,0,0,0,0,0,1
علم غیب,0,0,0,0,0,0,0,0,0,0,0,0,0,0,0,0,0,0,1,0,0
حقه,0,0,0,0,0,0,0,0,0,0,0,0,0,0,0,0,0,0,0,0,1
باز تر,0,0,0,0,0,0,0,0,0,0,0,0,0,0,0,0,1,0,0,0,0
از این حرفاست,0,0,0,0,0,0,0,0,0,0,0,0,0,0,0,0,0,0,1,0,1
حرفها,0,0,0,0,0,0,0,0,0,0,0,0,0,0,0,0,0,0,0,0,1
ببره,0,0,0,0,0,0,0,0,0,0,0,0,0,0,0,0,0,0,0,0,1
زیر,0,0,0,0,0,0,0,0,0,0,0,0,0,0,0,0,0,0,0,0,1
اینها,1,1,0,0,0,0,0,0,0,0,0,0,0,0,0,0,0,0,0,0,1
جنایات,0,0,0,0,0,0,0,0,0,0,0,0,0,0,0,0,0,0,0,0,1
شریکن,0,0,0,0,0,0,0,0,0,0,0,0,0,0,0,0,0,0,0,0,1
میشه,0,0,0,0,0,0,0,0,0,0,0,0,0,0,0,0,0,0,0,0,1
ایام مبارک جشن میلاد مسیح,0,0,0,0,0,0,0,1,0,0,0,1,0,0,0,0,0,0,0,0,0
سانتا,0,0,0,0,0,0,1,0,0,0,0,0,0,0,0,0,0,0,1,0,0
رونمایی کرد,0,0,0,0,0,0,0,0,0,0,0,0,0,0,0,0,0,0,0,0,1
امثال,0,1,0,0,0,0,0,0,0,0,0,0,0,0,0,0,0,0,0,0,1
امیر احمدی ها,1,1,0,0,0,0,0,0,0,0,0,0,0,0,0,0,0,0,0,0,0
گذشته مشخص دارن,0,0,0,0,0,0,0,0,0,0,0,0,0,0,0,0,0,0,1,0,1
در صورتی که,0,0,0,0,0,0,0,0,0,0,0,0,0,0,0,0,0,0,0,0,1
اصلاح طلبها,0,1,0,0,0,0,0,0,0,0,0,0,0,0,0,0,0,0,0,0,0
حتی,0,0,0,0,0,0,0,0,0,0,0,0,0,0,0,0,0,0,0,0,1
مشخص نیستن,0,0,0,0,0,0,0,0,0,0,0,0,0,0,0,0,0,0,1,0,0
قبل,0,0,0,0,0,0,0,0,0,0,0,0,0,0,0,0,1,0,0,0,0
ان,0,0,0,0,0,0,0,0,0,0,0,0,0,0,0,0,0,0,0,0,1
اساسا,0,0,0,0,0,0,0,0,0,0,0,0,0,0,0,0,0,0,0,0,1
اجماع,0,0,0,0,0,0,0,0,0,0,0,0,0,0,0,0,0,0,0,0,1
مذاکره مستقیم,0,0,0,0,0,0,0,0,0,0,0,0,0,0,0,0,0,0,1,0,0
توافق بر سر مسائل هسته‌ای,0,0,0,0,0,0,0,0,0,1,0,0,0,0,0,0,0,0,1,0,0
پیش,0,0,0,0,0,0,0,0,0,0,0,0,0,0,0,0,1,0,0,0,0
پیروزی,0,0,0,0,0,0,0,0,0,0,0,0,0,0,0,0,0,0,0,0,1
برمی‌گردد,0,0,0,0,0,0,0,0,0,0,0,0,0,0,0,0,0,0,0,0,1
تعهدش,0,0,0,0,0,0,0,0,0,0,0,0,0,0,0,0,0,0,1,0,1
بیشتره,0,0,0,0,0,0,0,0,0,0,0,0,0,0,0,0,1,0,0,0,0
احیای دریاچه,0,0,0,0,0,0,0,0,0,0,0,0,0,0,0,0,0,0,1,0,0
حیای,0,0,0,0,0,0,0,0,0,0,0,0,0,0,0,0,0,0,0,0,1
رابطه معکوس,0,0,0,0,0,0,0,0,0,0,0,0,0,0,0,0,0,0,0,0,1
دارند,0,0,0,0,0,0,0,0,0,0,0,0,0,0,0,0,0,0,0,0,1
اشنا,1,0,0,0,0,0,0,0,0,0,0,0,0,0,0,0,0,0,0,0,0
رسوا شدی,0,0,0,0,0,0,0,0,0,0,0,0,0,0,0,0,0,0,1,0,1
بین,0,0,0,0,0,0,0,0,0,0,0,0,0,0,0,0,0,0,0,0,1
منفور ترین,0,0,0,0,0,0,0,0,0,0,0,0,0,0,0,1,1,0,0,0,0
دولت,0,0,0,1,0,0,0,0,0,0,0,0,0,0,0,0,0,0,0,0,0
بود,0,0,0,0,0,0,0,0,0,0,0,0,0,0,0,0,0,0,0,0,1
مشاورش,0,1,0,0,0,0,0,0,0,0,0,0,0,0,0,0,0,0,1,0,0
هستی,0,0,0,0,0,0,0,0,0,0,0,0,0,0,0,0,0,0,0,0,1
میخوام,0,0,0,0,0,0,0,0,0,0,0,0,0,0,0,0,0,0,0,0,1
دستام,0,0,0,0,0,0,0,0,0,0,0,0,0,0,0,0,0,0,1,0,1
خفه کنم,0,0,0,0,0,0,0,0,0,0,0,0,0,0,0,0,0,0,1,0,1
شماها,0,1,0,0,0,0,0,0,0,0,0,0,0,0,0,0,0,0,0,0,0
سرهنگ,1,1,0,0,0,0,0,0,0,0,0,0,0,0,0,0,0,0,0,0,0
می‌بودن,0,0,0,0,0,0,0,0,0,0,0,0,0,0,0,0,0,0,0,0,1
دیگه,0,0,0,0,0,0,0,0,0,0,0,0,0,0,0,0,0,0,0,0,1
عیش,0,0,0,0,0,0,0,0,0,0,0,0,0,0,0,0,0,0,0,0,1
ترب,0,0,0,0,0,0,0,0,0,0,0,0,0,0,0,0,0,0,0,0,1
زحماتی,0,0,0,0,0,0,0,0,0,0,0,0,0,0,0,0,0,0,0,0,1
طلاب,0,1,0,0,0,0,0,0,0,0,0,0,0,0,0,0,0,0,0,0,0
سيل,0,0,0,0,0,0,0,1,0,0,0,0,0,0,0,0,0,0,1,0,0
اخیر,0,0,0,0,0,0,0,0,0,0,0,1,0,0,0,0,1,0,0,0,0
کشیدند,0,0,0,0,0,0,0,0,0,0,0,0,0,0,0,0,0,0,0,0,1
دیدن,0,0,0,0,0,0,0,0,0,0,0,0,0,0,0,0,0,0,0,0,1
خالی از لطف نیست,0,0,0,0,0,0,0,0,0,0,0,0,0,0,0,0,0,0,1,0,1
هستم,0,0,0,0,0,0,0,0,0,0,0,0,0,0,0,0,0,0,0,0,1
دشمنی,0,0,0,0,0,0,0,0,0,0,0,0,0,0,0,0,0,0,0,0,1
امریکا,0,0,0,0,1,0,0,0,0,0,0,0,0,0,0,0,0,0,0,0,0
دوستانتان,0,1,0,0,0,0,0,0,0,0,0,0,0,0,0,0,0,0,0,0,0
هرجای,0,0,0,0,0,1,0,0,0,0,0,0,0,0,0,0,0,0,0,0,1
ننگ,0,0,0,0,0,0,0,0,0,0,0,0,0,0,0,0,0,0,0,0,1
ابدی,0,0,0,0,0,0,0,0,0,0,0,1,0,0,0,0,0,0,0,0,0
ولایت فقیه,1,0,0,0,0,0,0,0,0,0,0,0,0,0,0,0,0,0,1,0,0
حزب الله,0,1,0,0,0,0,0,0,0,0,0,0,0,0,0,0,0,0,0,0,0
ایرانیان,0,1,0,0,0,0,0,0,0,0,0,0,0,0,0,0,0,0,0,0,0
عصر حاکمیت,0,0,0,0,0,0,0,0,0,0,0,1,0,0,0,0,0,0,0,0,0
فشار خارجی,0,0,0,0,0,0,0,0,0,0,0,0,0,0,0,0,0,0,1,0,1
حقوق بشر,0,0,0,0,0,0,0,0,0,1,0,0,0,0,0,0,0,0,1,0,0
دست می یابند,0,0,0,0,0,0,0,0,0,0,0,0,0,0,0,0,0,0,0,0,1
آخوندها,0,1,0,0,0,0,0,0,0,0,0,0,0,0,0,0,0,0,0,0,0
انتظاری,0,0,0,0,0,0,0,0,0,0,0,0,0,0,0,0,0,0,0,0,1
البته,0,0,0,0,0,0,0,0,0,0,0,0,0,0,0,0,0,0,0,0,1
غیر,0,0,0,0,0,0,0,0,0,0,0,0,0,0,0,0,0,0,0,0,1
آخوندهایی,1,1,0,0,0,0,0,0,0,0,0,0,0,0,0,0,0,0,0,0,0
+۴|۳|۶۵,0,0,0,0,0,0,0,0,0,0,0,1,0,0,0,0,0,0,0,0,0
ماجرای,0,0,0,0,0,0,0,1,0,0,0,0,0,0,0,0,0,0,0,0,0
متاثر,0,0,0,0,0,0,0,0,0,0,0,0,0,0,0,0,0,0,0,0,1
معامله تسلیحاتی,0,0,0,0,0,0,0,0,0,0,0,0,0,0,0,0,0,0,1,0,1
در پوشش,0,0,0,0,0,0,0,0,0,0,0,0,0,0,0,0,0,0,1,0,0
رقم خورد,0,0,0,0,0,0,0,0,0,0,0,0,0,0,0,0,0,0,0,0,1
+,0,0,0,0,0,0,0,0,0,0,0,0,0,0,0,0,0,0,0,1,0
ح,0,0,0,0,0,0,0,0,0,0,0,0,0,0,0,0,0,0,0,0,1
الیور,1,0,0,0,0,0,0,0,0,0,0,0,0,0,0,0,0,0,0,0,0
همکا,0,0,0,0,0,0,0,0,0,0,0,0,0,0,0,0,0,0,0,0,1
همیشه,0,0,0,0,0,0,0,0,0,0,0,1,0,0,0,0,0,0,0,0,0
مرد مذاکره,0,0,0,0,0,0,0,0,0,0,0,0,0,0,0,0,0,0,1,0,1
بودیم,0,0,0,0,0,0,0,0,0,0,0,0,0,0,0,0,0,0,0,0,1
نوشیدن جام زهر,0,0,0,0,0,0,0,0,0,0,0,0,0,0,0,0,0,0,1,0,0
سابقه,0,0,0,0,0,0,0,0,0,0,0,1,0,0,0,0,0,0,0,0,1
دیرینه ای,0,0,0,0,0,0,0,0,0,0,0,1,0,0,0,0,0,0,0,0,0
دارد,0,0,0,0,0,0,0,0,0,0,0,0,0,0,0,0,0,0,0,0,1
حکم میکنه,0,0,0,0,0,0,0,0,0,0,0,0,0,0,0,0,0,0,0,0,1
مجموعه ای,0,0,0,0,0,0,0,0,0,0,0,0,0,0,0,0,0,0,0,0,1
چنین,0,0,0,0,0,0,0,0,0,0,0,0,0,0,0,0,0,0,0,0,1
اظهارنظرهای,0,0,0,0,0,0,0,0,0,0,0,0,0,0,0,0,0,0,0,0,1
ساده لوحانه,0,0,0,0,0,0,0,0,0,0,0,0,0,0,0,0,0,0,0,0,1
عراقچی,1,0,0,0,0,0,0,0,0,0,0,0,0,0,0,0,0,0,0,0,0
ولش کن,0,0,0,0,0,0,0,0,0,0,0,0,0,0,0,0,0,0,0,0,1
اینا,0,1,0,0,0,0,0,0,0,0,0,0,0,0,0,0,0,0,0,0,0
جدی نگیر,0,0,0,0,0,0,0,0,0,0,0,0,0,0,0,0,0,0,0,0,1
خامنه‌ای,1,0,0,0,0,0,0,0,0,0,0,0,0,0,0,0,0,0,0,0,0
نبودن,0,0,0,0,0,0,0,0,0,0,0,0,0,0,0,0,0,0,0,0,1
میگفتن,0,0,0,0,0,0,0,0,0,0,0,0,0,0,0,0,0,0,0,0,1
پاره,0,0,0,0,0,0,0,0,0,0,0,0,0,0,0,0,0,0,0,0,1
میکنیم,0,0,0,0,0,0,0,0,0,0,0,0,0,0,0,0,0,0,0,0,1
رای,0,0,0,0,0,0,0,0,0,0,0,0,0,0,0,0,0,0,0,0,1
نمیسوزیم,0,0,0,0,0,0,0,0,0,0,0,0,0,0,0,0,0,0,1,0,1
۴ برابر,0,0,0,0,0,0,0,0,0,0,0,0,0,1,0,0,0,0,0,0,0
شدن,0,0,0,0,0,0,0,0,0,0,0,0,0,0,0,0,0,0,0,0,1
ارز,0,0,0,0,0,0,0,0,0,0,0,0,0,0,1,0,0,0,0,0,0
یه سال,0,0,0,0,0,0,0,0,0,0,0,1,0,0,0,0,0,0,0,0,0
میسوزیم,0,0,0,0,0,0,0,0,0,0,0,0,0,0,0,0,0,0,1,0,1
به باد دادن,0,0,0,0,0,0,0,0,0,0,0,0,0,0,0,0,0,0,1,0,0
هسته ای,0,0,0,0,0,0,0,0,0,0,0,0,0,0,0,0,0,0,1,0,0
در قبال هیچ,0,0,0,0,0,0,0,0,0,0,0,0,0,0,0,0,0,0,1,0,1
جناب ضرغامی,1,0,0,0,0,0,0,0,0,0,0,0,0,0,0,0,0,0,0,0,0
خودتان,1,0,0,0,0,0,0,0,0,0,0,0,0,0,0,0,0,0,0,0,1
استاد,0,0,0,0,0,0,0,0,0,0,0,0,0,0,0,0,0,0,0,0,1
سانسور,0,0,0,0,0,0,0,0,0,0,0,0,0,0,0,0,0,0,1,0,1
فیلترینگ,0,0,0,0,0,0,0,0,0,0,0,0,0,0,0,0,0,0,1,0,1
هستید,0,0,0,0,0,0,0,0,0,0,0,0,0,0,0,0,0,0,0,0,1
رفتار,0,0,0,0,0,0,0,0,0,0,0,0,0,0,0,0,0,0,0,0,1
ناراحت شدید,0,0,0,0,0,0,0,0,0,0,0,0,0,0,0,0,0,0,0,0,1
بدِ,0,0,0,0,0,0,0,0,0,0,0,0,0,0,0,0,0,0,1,0,1
رییس جمهورای,1,1,0,0,0,0,0,0,0,0,0,0,0,0,0,0,0,0,0,0,0
بعد انقلابه,0,0,0,0,0,0,0,0,0,0,0,1,0,0,0,0,0,0,1,0,0
بد و بدتر,0,0,0,0,0,0,0,0,0,0,0,0,0,0,0,0,0,0,1,0,0
باتوجه,0,0,0,0,0,0,0,0,0,0,0,0,0,0,0,0,0,0,0,0,1
آپشن هایی,0,0,0,0,0,0,0,0,0,0,0,0,0,0,0,0,0,0,0,0,1
ک,0,0,0,0,0,0,0,0,0,0,0,0,0,0,0,0,0,0,0,0,1
داره,0,0,0,0,0,0,0,0,0,0,0,0,0,0,0,0,0,0,0,0,1
اولا,0,0,0,0,0,0,0,0,0,0,0,0,0,0,0,0,1,0,0,0,0
مردم رای دهنده بهش,0,1,0,0,0,0,0,0,0,0,0,0,0,0,0,0,0,0,0,0,0
زبان وارونه گویی آخوندی,0,0,0,0,0,0,0,0,0,0,0,0,0,0,0,0,0,0,1,0,0
آخرین,0,0,0,0,0,0,0,0,0,0,0,0,0,0,0,0,1,0,0,0,0
اظهاراتش,0,0,0,0,0,0,0,0,0,0,0,0,0,0,0,0,0,0,0,0,1
گفته است,0,0,0,0,0,0,0,0,0,0,0,0,0,0,0,0,0,0,0,0,1
نظام,0,0,0,1,0,0,0,0,0,0,0,0,0,0,0,0,0,0,0,0,0
آماده,0,0,0,0,0,0,0,0,0,0,0,0,0,0,0,0,0,0,0,0,1
آمریکاست,0,0,0,1,1,0,0,0,0,0,0,0,0,0,0,0,0,0,0,0,1
مذا,0,0,0,0,0,0,0,0,0,0,0,0,0,0,0,0,0,0,1,0,1
روحانی هیئت,1,0,0,0,0,0,0,0,0,0,0,0,0,0,0,0,0,0,0,0,0
پرسیدم,0,0,0,0,0,0,0,0,0,0,0,0,0,0,0,0,0,0,0,0,1
آیا,0,0,0,0,0,0,0,0,0,0,0,0,0,0,0,0,0,0,0,0,1
شرکت,0,0,0,0,0,0,0,0,0,0,0,0,0,0,0,0,0,0,0,0,1
راهپیمایی ها,0,0,0,0,0,0,0,1,0,0,0,0,0,0,0,0,0,0,1,0,0
برعلیه,0,0,0,0,0,0,0,0,0,0,0,0,0,0,0,0,0,0,0,0,1
اجر اخروی,0,0,0,0,0,0,0,0,0,0,0,0,0,0,0,0,0,0,1,0,1
پاسخ داد,0,0,0,0,0,0,0,0,0,0,0,0,0,0,0,0,0,0,0,0,1
چندی پیش,0,0,0,0,0,0,0,0,0,0,0,1,0,0,0,0,0,0,0,0,0
یکی,0,0,0,0,0,0,0,0,0,0,0,0,0,0,0,0,0,1,0,0,0
علمای بزرگ شیعه,1,0,0,0,0,0,0,0,0,0,0,0,0,0,0,0,0,0,1,0,0
۵ تن ماهی,0,0,0,0,0,0,0,0,0,0,0,0,0,0,0,1,0,1,0,0,0
۲ توپ بازی,0,0,0,0,0,0,0,0,0,0,0,0,0,0,0,1,0,1,0,0,0
۱ چای صافی,0,0,0,0,0,0,0,0,0,0,0,0,0,0,0,1,0,1,0,0,0
۹۰ هزار تومن,0,0,0,0,0,0,0,0,0,0,0,0,0,0,1,0,0,1,0,0,0
شماره عمه روحانی و کسی نداره,1,0,0,0,0,0,0,0,0,0,0,0,0,0,0,0,0,0,1,0,0
خرداد,0,0,0,0,0,0,0,0,0,0,0,1,0,0,0,0,0,0,0,0,0
غریبی,0,0,0,0,0,0,0,0,0,0,0,0,0,0,0,0,0,0,1,0,1
پیروزی روحانی,1,0,0,0,0,0,0,1,0,0,0,0,0,0,0,0,0,0,0,0,0
والیبال,0,0,0,0,0,0,0,0,0,0,0,0,0,0,0,0,0,0,1,0,0
یادمه,0,0,0,0,0,0,0,0,0,0,0,0,0,0,0,0,0,0,0,0,1
اتفاقای,0,0,0,0,0,0,0,1,0,0,0,0,0,0,0,0,0,0,0,0,1
خوبی,0,0,0,0,0,0,0,0,0,0,0,0,0,0,0,0,0,0,1,0,1
افتاده بود,0,0,0,0,0,0,0,0,0,0,0,0,0,0,0,0,0,0,0,0,1
شیخ حسن,1,0,0,0,0,0,0,0,0,0,0,0,0,0,0,0,0,0,0,0,0
گفت,0,0,0,0,0,0,0,0,0,0,0,0,0,0,0,0,0,0,0,0,1
در صورت,0,0,0,0,0,0,0,0,0,0,0,0,0,0,0,0,0,0,0,0,1
برداشتن,0,0,0,0,0,0,0,0,0,0,0,0,0,0,0,0,0,0,0,0,1
همه,0,0,0,0,0,0,0,0,0,0,0,0,0,0,0,1,0,0,0,0,1
فشارها,0,0,0,0,0,0,0,0,0,0,0,0,0,0,0,0,0,0,0,0,1
عذرخواهی,0,0,0,0,0,0,0,0,0,0,0,0,0,0,0,0,0,0,0,0,1
کارهای,0,0,0,0,0,0,0,0,0,0,0,0,0,0,0,0,0,0,0,0,1
غلط,0,0,0,0,0,0,0,0,0,0,0,0,0,0,0,0,0,0,1,0,1
احترام متقابل,0,0,0,0,0,0,0,0,0,0,0,0,0,0,0,0,0,0,1,0,1
امکان پذیر است,0,0,0,0,0,0,0,0,0,0,0,0,0,0,0,0,0,0,0,0,1
آمری,0,0,0,0,1,0,0,0,0,0,0,0,0,0,0,0,0,0,0,0,1
سخنرانی های,0,0,0,0,0,0,0,0,0,0,0,0,0,0,0,0,0,0,0,0,1
خمینی,1,0,0,0,0,0,0,0,0,0,0,0,0,0,0,0,0,0,0,0,0
پخش نمیکنند,0,0,0,0,0,0,0,0,0,0,0,0,0,0,0,0,0,0,0,0,1
تعفن,0,0,0,0,0,0,0,0,0,0,0,0,0,0,0,0,0,0,1,0,1
بعضی از این روحانیون,1,1,0,0,0,0,0,0,0,0,0,0,0,0,0,0,0,0,0,0,0
عذاب,0,0,0,0,0,0,0,0,0,0,0,0,0,0,0,0,0,0,1,0,1
بنده,1,0,0,0,0,0,0,0,0,0,0,0,0,0,0,0,0,0,1,0,0
میگویم,0,0,0,0,0,0,0,0,0,0,0,0,0,0,0,0,0,0,0,0,1
همه ی,0,0,0,0,0,0,0,0,0,0,0,0,0,0,0,1,0,0,0,0,0
بله,0,0,0,0,0,0,0,0,0,0,0,0,0,0,0,0,0,0,0,0,1
لطفا,0,0,0,0,0,0,0,0,0,0,0,0,0,0,0,0,0,0,0,0,1
یادشون بمونه,0,0,0,0,0,0,0,0,0,0,0,0,0,0,0,0,0,0,0,0,1
دوران,0,0,0,0,0,0,0,0,0,0,0,1,0,0,0,0,0,0,0,0,0
همون,0,0,0,0,0,0,0,0,0,0,0,0,0,0,0,0,0,0,0,0,1
اتفاق افتاد,0,0,0,0,0,0,0,0,0,0,0,0,0,0,0,0,0,0,0,0,1
گازانبری کردن,0,0,0,0,0,0,0,0,0,0,0,0,0,0,0,0,0,0,1,0,1
دانشجوها,1,1,0,0,0,0,0,0,0,0,0,0,0,0,0,0,0,0,0,0,0
گیر میداد,0,0,0,0,0,0,0,0,0,0,0,0,0,0,0,0,0,0,1,0,1
..............,0,0,0,0,0,0,0,0,0,0,0,0,0,0,0,0,0,0,0,1,0
خواهر,1,0,0,0,0,0,0,0,0,0,0,0,0,0,0,0,0,0,1,0,0
عزیز,0,0,0,0,0,0,0,0,0,0,0,0,0,0,0,0,0,0,1,0,1
دردمندم,0,0,0,0,0,0,0,0,0,0,0,0,0,0,0,0,0,0,1,0,1
مگر,0,0,0,0,0,0,0,0,0,0,0,0,0,0,0,0,0,0,0,0,1
زنگنه,1,0,0,0,0,0,0,0,0,0,0,0,0,0,0,0,0,0,0,0,0
جان,0,0,0,0,0,0,0,0,0,0,0,0,0,0,0,0,0,0,0,0,1
پس,0,0,0,0,0,0,0,0,0,0,0,0,0,0,0,0,0,0,0,0,1
فروش نفت,0,0,0,0,0,0,1,0,0,0,0,0,0,0,1,0,0,0,1,0,0
صفر,0,0,0,0,0,0,0,0,0,0,0,0,0,0,0,0,0,1,0,0,0
نميرسد,0,0,0,0,0,0,0,0,0,0,0,0,0,0,0,0,0,0,0,0,1
پُزنميدى,0,0,0,0,0,0,0,0,0,0,0,0,0,0,0,0,0,0,1,0,1
خداروشکر,0,0,0,0,0,0,0,0,0,0,0,0,0,0,0,0,0,0,1,0,0
به لطف,0,0,0,0,0,0,0,0,0,0,0,0,0,0,0,0,0,0,1,0,1
سایه جنگ,0,0,0,0,0,0,0,0,0,0,0,0,0,0,0,0,0,0,1,0,0
سر,0,0,0,0,0,0,0,0,0,0,0,0,0,0,0,0,0,0,1,0,1
برداشته شد,0,0,0,0,0,0,0,0,0,0,0,0,0,0,0,0,0,0,1,0,1
عقیده,0,0,0,0,0,0,0,0,0,0,0,0,0,0,0,0,0,0,0,0,1
همینکه,0,0,0,0,0,0,0,0,0,0,0,0,0,0,0,0,0,0,0,0,1
ایشون,1,0,0,0,0,0,0,0,0,0,0,0,0,0,0,0,0,0,0,0,0
برتن دارند,0,0,0,0,0,0,0,0,0,0,0,0,0,0,0,0,0,0,1,0,1
گناهه,0,0,0,0,0,0,0,0,0,0,0,0,0,0,0,0,0,0,1,0,1
واقع,0,0,0,0,0,0,0,0,0,0,0,0,0,0,0,0,0,0,0,0,1
دلش به اینا هنوز خوشه,0,0,0,0,0,0,0,0,0,0,0,0,0,0,0,0,0,0,1,0,1
شش سال,0,0,0,0,0,0,0,0,0,0,0,1,0,0,0,0,0,0,0,0,0
آخوند های مفتخور,0,1,0,0,0,0,0,0,0,0,0,0,0,0,0,0,0,0,1,0,0
شیاد,0,0,0,0,0,0,0,0,0,0,0,0,0,0,0,0,0,0,1,0,0
اشتباه گرفتید,0,0,0,0,0,0,0,0,0,0,0,0,0,0,0,0,0,0,0,0,1
صادق,0,0,0,0,0,0,0,0,0,0,0,0,0,0,0,0,0,0,0,0,1
کیست,1,0,0,0,0,0,0,0,0,0,0,0,0,0,0,0,0,0,0,0,1
مبتکر,1,0,0,0,0,0,0,0,0,0,0,0,0,0,0,0,0,0,0,0,0
لقب,0,0,0,0,0,0,0,0,0,0,0,0,0,0,0,0,0,0,0,0,1
امام,1,0,0,0,0,0,0,0,0,0,0,0,0,0,0,0,0,0,1,0,0
دجال,0,0,0,0,0,0,0,0,0,0,0,0,0,0,0,0,0,0,1,0,1
حجاب اجباری,0,0,0,0,0,0,0,0,0,1,0,0,0,0,0,0,0,0,1,0,0
کشور,0,0,0,0,0,1,0,0,0,0,0,0,0,0,0,0,0,0,0,0,0
طرح,0,0,0,0,0,0,0,0,0,0,0,0,0,0,0,0,0,0,0,0,1
اعدام,0,0,0,0,0,0,0,0,0,0,0,0,0,0,0,0,0,0,0,0,1
مخالفان,1,1,0,0,0,0,0,0,0,0,0,0,0,0,0,0,0,0,0,0,0
نمایش جمعه,0,0,0,0,0,0,0,1,0,0,0,1,0,0,0,0,0,0,1,0,0
سال۵۹,0,0,0,0,0,0,0,0,0,0,0,1,0,0,0,0,0,0,0,0,0
